method,num_requests,metric,n,mean,std,sem,cv,min,max
Classical,5,avg_detour_factor,10,1.9469,1.161,0.3671,0.5963,1.1657,4.666
ClassicalGreedy,5,avg_detour_factor,10,1.8965,1.1008,0.3481,0.5804,1.1334,4.666
Quantum (simulator),5,avg_detour_factor,10,2.1687,1.0841,0.3428,0.4999,1.21,4.666
Classical,10,avg_detour_factor,20,1.3992,0.1892,0.0423,0.1352,1.0384,1.6552
ClassicalGreedy,10,avg_detour_factor,20,1.572,0.5223,0.1168,0.3322,1.0384,3.0239
Quantum (simulator),10,avg_detour_factor,20,1.632,0.2474,0.0553,0.1516,1.2943,2.0514
Classical,20,avg_detour_factor,19,1.2821,0.2616,0.06,0.204,1.0799,2.2794
ClassicalGreedy,20,avg_detour_factor,20,1.3138,0.2062,0.0461,0.157,1.0903,1.8356
Quantum (simulator),20,avg_detour_factor,20,1.6726,0.3419,0.0765,0.2044,1.2825,2.9
Classical,30,avg_detour_factor,19,1.1067,0.0871,0.02,0.0787,0.9607,1.269
ClassicalGreedy,30,avg_detour_factor,20,1.1771,0.0924,0.0207,0.0785,1.0344,1.4137
Quantum (simulator),30,avg_detour_factor,20,1.596,0.3229,0.0722,0.2023,1.2962,2.8366
Classical,40,avg_detour_factor,20,1.1087,0.1114,0.0249,0.1005,0.9507,1.352
ClassicalGreedy,40,avg_detour_factor,20,1.1722,0.1064,0.0238,0.0908,1.02,1.3764
Quantum (simulator),40,avg_detour_factor,20,1.611,0.1306,0.0292,0.0811,1.3804,1.8549
Classical,50,avg_detour_factor,10,1.0214,0.0568,0.018,0.0556,0.9241,1.1199
ClassicalGreedy,50,avg_detour_factor,10,1.1028,0.1182,0.0374,0.1072,0.9866,1.3851
Quantum (simulator),50,avg_detour_factor,10,1.4264,0.104,0.0329,0.0729,1.1908,1.5713
Classical,60,avg_detour_factor,19,1.0228,0.0964,0.0221,0.0942,0.877,1.2616
ClassicalGreedy,60,avg_detour_factor,20,1.0645,0.0927,0.0207,0.0871,0.9139,1.2299
Quantum (simulator),60,avg_detour_factor,20,1.4385,0.1067,0.0239,0.0742,1.2684,1.6421
Classical,70,avg_detour_factor,9,0.9471,0.0385,0.0128,0.0407,0.875,1.0112
ClassicalGreedy,70,avg_detour_factor,10,1.0148,0.0511,0.0162,0.0504,0.9007,1.0893
Quantum (simulator),70,avg_detour_factor,10,1.3299,0.0779,0.0246,0.0586,1.2209,1.4392
Classical,80,avg_detour_factor,20,0.9673,0.0665,0.0149,0.0688,0.8651,1.0819
ClassicalGreedy,80,avg_detour_factor,20,1.0144,0.0729,0.0163,0.0719,0.9015,1.1741
Quantum (simulator),80,avg_detour_factor,20,1.3404,0.1115,0.0249,0.0832,1.1768,1.5914
Classical,90,avg_detour_factor,9,0.9074,0.0462,0.0154,0.051,0.8475,0.9809
ClassicalGreedy,90,avg_detour_factor,10,0.959,0.0553,0.0175,0.0576,0.887,1.076
Quantum (simulator),90,avg_detour_factor,10,1.2469,0.0605,0.0191,0.0485,1.1681,1.3284
Classical,100,avg_detour_factor,10,1.012,0.0527,0.0167,0.0521,0.9576,1.0988
ClassicalGreedy,100,avg_detour_factor,10,1.0544,0.0465,0.0147,0.0441,1.0066,1.164
Quantum (simulator),100,avg_detour_factor,10,1.3752,0.0646,0.0204,0.047,1.2692,1.474
Classical,120,avg_detour_factor,10,0.9475,0.0362,0.0114,0.0382,0.8875,0.9894
ClassicalGreedy,120,avg_detour_factor,10,0.9943,0.0463,0.0146,0.0466,0.9368,1.0671
Quantum (simulator),120,avg_detour_factor,10,1.2643,0.0647,0.0205,0.0512,1.1652,1.4
Classical,140,avg_detour_factor,10,0.9233,0.0318,0.01,0.0344,0.8772,0.9658
ClassicalGreedy,140,avg_detour_factor,9,0.9562,0.0288,0.0096,0.0302,0.9021,0.9882
Quantum (simulator),140,avg_detour_factor,10,1.2524,0.0401,0.0127,0.032,1.1952,1.3184
Classical,160,avg_detour_factor,10,0.8996,0.0357,0.0113,0.0397,0.8474,0.9518
ClassicalGreedy,160,avg_detour_factor,10,0.9477,0.0671,0.0212,0.0708,0.8618,1.0996
Quantum (simulator),160,avg_detour_factor,10,1.1958,0.0659,0.0208,0.0551,1.1187,1.3347
Classical,180,avg_detour_factor,10,0.8982,0.0522,0.0165,0.0581,0.7981,1.0028
ClassicalGreedy,180,avg_detour_factor,10,0.9333,0.0552,0.0175,0.0591,0.8302,1.0342
Quantum (simulator),180,avg_detour_factor,10,1.1685,0.0598,0.0189,0.0511,1.036,1.2671
Classical,5,avg_waiting_time,10,388.9395,392.4441,124.1017,1.009,10.15,1337.4929
ClassicalGreedy,5,avg_waiting_time,10,425.4318,388.1548,122.7453,0.9124,38.2542,1337.4929
Quantum (simulator),5,avg_waiting_time,10,384.1182,393.3097,124.3755,1.0239,0.0,1337.4929
Classical,10,avg_waiting_time,20,445.0529,161.6568,36.1475,0.3632,165.979,655.3921
ClassicalGreedy,10,avg_waiting_time,20,404.4353,148.2631,33.1526,0.3666,144.6962,649.1043
Quantum (simulator),10,avg_waiting_time,20,405.2898,199.3515,44.5763,0.4919,86.7193,830.1545
Classical,20,avg_waiting_time,20,561.7685,124.7666,27.8987,0.2221,333.9855,823.1271
ClassicalGreedy,20,avg_waiting_time,20,483.292,135.9114,30.3907,0.2812,228.6584,872.38
Quantum (simulator),20,avg_waiting_time,20,497.4178,144.7135,32.3589,0.2909,271.172,757.4336
Classical,30,avg_waiting_time,20,490.1751,113.3077,25.3364,0.2312,284.4687,720.9145
ClassicalGreedy,30,avg_waiting_time,20,480.4888,125.915,28.1554,0.2621,281.9185,717.7654
Quantum (simulator),30,avg_waiting_time,20,472.7265,116.5924,26.0708,0.2466,240.4521,656.2375
Classical,40,avg_waiting_time,20,537.083,110.0413,24.606,0.2049,359.5455,746.223
ClassicalGreedy,40,avg_waiting_time,20,497.331,78.0991,17.4635,0.157,355.7962,661.0336
Quantum (simulator),40,avg_waiting_time,20,498.9061,109.6469,24.5178,0.2198,324.3678,680.4599
Classical,50,avg_waiting_time,10,414.0007,66.2546,20.9516,0.16,288.9406,512.551
ClassicalGreedy,50,avg_waiting_time,10,453.3932,57.0814,18.0507,0.1259,389.4294,547.275
Quantum (simulator),50,avg_waiting_time,10,420.873,88.5586,28.0047,0.2104,295.8,577.1053
Classical,60,avg_waiting_time,20,515.011,97.1762,21.7293,0.1887,338.0146,673.255
ClassicalGreedy,60,avg_waiting_time,20,488.7725,74.4354,16.6443,0.1523,399.3807,678.984
Quantum (simulator),60,avg_waiting_time,20,496.1616,88.6016,19.8119,0.1786,326.0411,682.3129
Classical,70,avg_waiting_time,10,493.1722,83.3351,26.3529,0.169,339.5324,658.7117
ClassicalGreedy,70,avg_waiting_time,10,451.3279,46.4453,14.6873,0.1029,370.3805,537.3804
Quantum (simulator),70,avg_waiting_time,10,452.2231,75.2488,23.7958,0.1664,349.29,550.012
Classical,80,avg_waiting_time,20,520.7836,65.0051,14.5356,0.1248,420.8857,698.0995
ClassicalGreedy,80,avg_waiting_time,20,487.4958,46.8428,10.4744,0.0961,425.0006,607.5615
Quantum (simulator),80,avg_waiting_time,20,517.9757,71.3046,15.9442,0.1377,410.5793,763.326
Classical,90,avg_waiting_time,10,488.933,75.211,23.7838,0.1538,386.8293,610.3555
ClassicalGreedy,90,avg_waiting_time,10,489.0329,57.7838,18.2728,0.1182,416.1151,579.6589
Quantum (simulator),90,avg_waiting_time,10,473.3172,69.8428,22.0862,0.1476,363.1648,596.118
Classical,100,avg_waiting_time,10,511.7075,63.8908,20.204,0.1249,400.2655,626.7818
ClassicalGreedy,100,avg_waiting_time,10,473.2565,65.7477,20.7912,0.1389,354.7956,549.511
Quantum (simulator),100,avg_waiting_time,10,504.3212,85.3798,26.9995,0.1693,345.3703,628.5797
Classical,120,avg_waiting_time,10,522.3198,82.8441,26.1976,0.1586,421.0239,669.8954
ClassicalGreedy,120,avg_waiting_time,10,477.9063,54.0322,17.0865,0.1131,372.3733,556.3845
Quantum (simulator),120,avg_waiting_time,10,520.1544,87.9348,27.8074,0.1691,376.042,653.9238
Classical,140,avg_waiting_time,10,544.9726,65.6127,20.7486,0.1204,489.3463,712.5584
ClassicalGreedy,140,avg_waiting_time,10,489.815,54.893,17.3587,0.1121,444.3814,636.388
Quantum (simulator),140,avg_waiting_time,10,528.7191,62.2497,19.6851,0.1177,447.9101,654.7621
Classical,160,avg_waiting_time,10,550.4727,69.6723,22.0323,0.1266,462.9541,674.5658
ClassicalGreedy,160,avg_waiting_time,10,499.4467,65.0769,20.5791,0.1303,413.3942,598.2151
Quantum (simulator),160,avg_waiting_time,10,524.9761,50.5254,15.9775,0.0962,457.9382,599.3416
Classical,180,avg_waiting_time,10,568.8502,49.5208,15.6599,0.0871,491.5587,651.8881
ClassicalGreedy,180,avg_waiting_time,10,505.3035,72.0725,22.7913,0.1426,402.7631,608.3999
Quantum (simulator),180,avg_waiting_time,10,549.8325,48.8397,15.4445,0.0888,449.1654,620.6061
Classical,5,percent_serviced,10,92.0,25.2982,8.0,0.275,20.0,100.0
ClassicalGreedy,5,percent_serviced,10,92.0,25.2982,8.0,0.275,20.0,100.0
Quantum (simulator),5,percent_serviced,10,84.0,26.3312,8.3267,0.3135,20.0,100.0
Classical,10,percent_serviced,20,98.5,4.8936,1.0942,0.0497,80.0,100.0
ClassicalGreedy,10,percent_serviced,20,94.5,9.4451,2.112,0.0999,70.0,100.0
Quantum (simulator),10,percent_serviced,20,81.5,15.9852,3.5744,0.1961,50.0,100.0
Classical,20,percent_serviced,20,99.5,1.539,0.3441,0.0155,95.0,100.0
ClassicalGreedy,20,percent_serviced,20,91.5,9.333,2.0869,0.102,70.0,100.0
Quantum (simulator),20,percent_serviced,20,87.75,9.101,2.0351,0.1037,75.0,100.0
Classical,30,percent_serviced,20,100.0,0.0,0.0,0.0,100.0,100.0
ClassicalGreedy,30,percent_serviced,20,98.8333,3.111,0.6956,0.0315,86.6667,100.0
Quantum (simulator),30,percent_serviced,20,96.0,4.2715,0.9551,0.0445,83.3333,100.0
Classical,40,percent_serviced,20,100.0,0.0,0.0,0.0,100.0,100.0
ClassicalGreedy,40,percent_serviced,20,95.25,6.5343,1.4611,0.0686,82.5,100.0
Quantum (simulator),40,percent_serviced,20,93.5,5.1555,1.1528,0.0551,80.0,100.0
Classical,50,percent_serviced,10,100.0,0.0,0.0,0.0,100.0,100.0
ClassicalGreedy,50,percent_serviced,10,100.0,0.0,0.0,0.0,100.0,100.0
Quantum (simulator),50,percent_serviced,10,96.4,2.9515,0.9333,0.0306,92.0,100.0
Classical,60,percent_serviced,20,100.0,0.0,0.0,0.0,100.0,100.0
ClassicalGreedy,60,percent_serviced,20,96.0,5.4985,1.2295,0.0573,83.3333,100.0
Quantum (simulator),60,percent_serviced,20,93.5,4.1146,0.92,0.044,83.3333,100.0
Classical,70,percent_serviced,10,100.0,0.0,0.0,0.0,100.0,100.0
ClassicalGreedy,70,percent_serviced,10,100.0,0.0,0.0,0.0,100.0,100.0
Quantum (simulator),70,percent_serviced,10,94.8571,2.6255,0.8303,0.0277,91.4286,100.0
Classical,80,percent_serviced,20,100.0,0.0,0.0,0.0,100.0,100.0
ClassicalGreedy,80,percent_serviced,20,96.375,4.1931,0.9376,0.0435,88.75,100.0
Quantum (simulator),80,percent_serviced,20,95.0,1.8137,0.4056,0.0191,90.0,97.5
Classical,90,percent_serviced,10,100.0,0.0,0.0,0.0,100.0,100.0
ClassicalGreedy,90,percent_serviced,10,100.0,0.0,0.0,0.0,100.0,100.0
Quantum (simulator),90,percent_serviced,10,95.3333,1.6397,0.5185,0.0172,93.3333,97.7778
Classical,100,percent_serviced,10,100.0,0.0,0.0,0.0,100.0,100.0
ClassicalGreedy,100,percent_serviced,10,92.9,3.8715,1.2243,0.0417,86.0,97.0
Quantum (simulator),100,percent_serviced,10,92.2,2.3944,0.7572,0.026,88.0,96.0
Classical,120,percent_serviced,10,100.0,0.0,0.0,0.0,100.0,100.0
ClassicalGreedy,120,percent_serviced,10,93.5,4.1351,1.3076,0.0442,85.8333,98.3333
Quantum (simulator),120,percent_serviced,10,94.1667,2.1155,0.669,0.0225,91.6667,98.3333
Classical,140,percent_serviced,10,100.0,0.0,0.0,0.0,100.0,100.0
ClassicalGreedy,140,percent_serviced,10,93.5,1.9474,0.6158,0.0208,88.5714,95.0
Quantum (simulator),140,percent_serviced,10,93.7143,1.807,0.5714,0.0193,90.0,95.7143
Classical,160,percent_serviced,10,100.0,0.0,0.0,0.0,100.0,100.0
ClassicalGreedy,160,percent_serviced,10,94.5625,2.8573,0.9036,0.0302,90.625,98.75
Quantum (simulator),160,percent_serviced,10,92.0,2.1409,0.677,0.0233,88.75,95.0
Classical,180,percent_serviced,10,100.0,0.0,0.0,0.0,100.0,100.0
ClassicalGreedy,180,percent_serviced,10,92.8333,2.4209,0.7656,0.0261,89.4444,97.7778
Quantum (simulator),180,percent_serviced,10,92.6667,1.0734,0.3395,0.0116,91.1111,94.4444
Classical,5,vmt,10,1177.5074,406.5154,128.5514,0.3452,301.0031,1797.8606
ClassicalGreedy,5,vmt,10,1264.8492,404.8953,128.0391,0.3201,301.0031,1797.8606
Quantum (simulator),5,vmt,10,1337.44,452.8749,143.2116,0.3386,301.0031,1916.9966
Classical,10,vmt,20,2856.7115,513.4869,114.8192,0.1797,1852.9314,3860.7826
ClassicalGreedy,10,vmt,20,2961.1933,724.6181,162.0295,0.2447,1430.9154,4585.3269
Quantum (simulator),10,vmt,20,2840.3527,802.8528,179.5233,0.2827,1268.8489,4135.2088
Classical,20,vmt,19,5160.2116,637.085,146.1573,0.1235,4306.4088,6362.2906
ClassicalGreedy,20,vmt,20,4930.4399,964.3563,215.6366,0.1956,3147.7583,6762.4089
Quantum (simulator),20,vmt,20,6111.3745,1007.8102,225.3532,0.1649,4407.2177,8142.4298
Classical,30,vmt,19,7104.608,709.0959,162.6777,0.0998,5549.0748,8363.2234
ClassicalGreedy,30,vmt,20,7859.1773,889.9354,198.9956,0.1132,6521.2,9501.1366
Quantum (simulator),30,vmt,20,10031.1526,1096.2439,245.1276,0.1093,7499.8278,11943.5828
Classical,40,vmt,20,9279.6954,931.9099,208.3814,0.1004,7668.1622,11050.7638
ClassicalGreedy,40,vmt,20,9418.1885,992.5645,221.9442,0.1054,7399.3738,11112.5906
Quantum (simulator),40,vmt,20,12889.8697,1572.5641,351.636,0.122,10223.8905,16341.3477
Classical,50,vmt,10,10542.3327,492.4533,155.7274,0.0467,9644.4571,11173.288
ClassicalGreedy,50,vmt,10,12034.3393,783.0125,247.6103,0.0651,10748.7382,13461.2863
Quantum (simulator),50,vmt,10,15077.0088,726.8334,229.8449,0.0482,14022.4417,16144.0935
Classical,60,vmt,19,12917.3836,1047.1948,240.243,0.0811,10409.1502,14366.1926
ClassicalGreedy,60,vmt,20,13098.491,1154.1709,258.0805,0.0881,11299.9365,15649.47
Quantum (simulator),60,vmt,20,16910.4942,1602.3574,358.298,0.0948,13526.9462,19969.5758
Classical,70,vmt,9,14173.2154,873.3529,291.1176,0.0616,12733.0185,15254.1083
ClassicalGreedy,70,vmt,10,15791.1351,1108.6785,350.5949,0.0702,13785.9977,17236.8714
Quantum (simulator),70,vmt,10,19235.0488,1545.9087,488.8592,0.0804,17093.7248,21797.6329
Classical,80,vmt,20,16396.7251,1192.3263,266.6123,0.0727,13996.4042,18102.3471
ClassicalGreedy,80,vmt,20,16920.3415,1242.9436,277.9306,0.0735,14748.0242,19565.6802
Quantum (simulator),80,vmt,20,21655.1841,1902.864,425.4933,0.0879,18284.9991,24070.3126
Classical,90,vmt,9,17578.7211,1039.7567,346.5856,0.0591,15645.2112,19021.2063
ClassicalGreedy,90,vmt,10,19385.1066,1192.4404,377.0828,0.0615,16903.9292,20959.0175
Quantum (simulator),90,vmt,10,23446.4868,1819.9034,575.504,0.0776,21104.0172,27251.3698
Classical,100,vmt,10,20094.2907,877.5876,277.5176,0.0437,18724.9875,21457.6171
ClassicalGreedy,100,vmt,10,19137.7315,1059.4043,335.0131,0.0554,17259.0434,20737.7606
Quantum (simulator),100,vmt,10,25117.96,1439.4968,455.2089,0.0573,22452.8546,26941.5446
Classical,120,vmt,10,24643.0434,1230.474,389.11,0.0499,23052.6794,26629.646
ClassicalGreedy,120,vmt,10,23656.221,2107.7681,666.5348,0.0891,19619.8642,27733.5945
Quantum (simulator),120,vmt,10,30567.8401,1467.8705,464.1814,0.048,28889.4174,33391.5605
Classical,140,vmt,10,27936.1272,1114.2843,352.3676,0.0399,26529.4057,29912.0263
ClassicalGreedy,140,vmt,9,27056.4542,1343.0807,447.6936,0.0496,25148.9268,29005.504
Quantum (simulator),140,vmt,10,34659.2922,2770.0894,875.9792,0.0799,29652.8049,38722.9117
Classical,160,vmt,10,31493.0515,1177.189,372.2598,0.0374,29266.9026,32974.5054
ClassicalGreedy,160,vmt,10,31118.5782,1814.4843,573.7903,0.0583,28421.2769,33507.3118
Quantum (simulator),160,vmt,10,37817.2638,2235.8496,707.0377,0.0591,34268.052,41259.4595
Classical,180,vmt,10,34931.5068,1941.0513,613.8143,0.0556,32864.9542,39606.866
ClassicalGreedy,180,vmt,10,32913.7062,3137.2017,992.0703,0.0953,29849.4278,40316.8045
Quantum (simulator),180,vmt,10,41477.3564,2382.9789,753.5641,0.0575,38160.9506,46535.2302
