num_requests,num_vehicles,lambda_val,M_val,mean_percent_serviced,sem_percent_serviced,n_runs,rank,tied_with_best
5,5,2500.0,5000.0,83.80952380952381,4.4974167440447985,21,1,True
5,5,2500.0,12500.0,83.80952380952381,4.4974167440447985,21,2,True
5,5,2500.0,25000.0,83.80952380952381,4.4974167440447985,21,3,True
5,5,5000.0,10000.0,83.80952380952381,4.4974167440447985,21,4,True
5,5,5000.0,25000.0,83.80952380952381,4.4974167440447985,21,5,True
5,5,5000.0,50000.0,83.80952380952381,4.4974167440447985,21,6,True
5,5,10000.0,20000.0,83.80952380952381,4.4974167440447985,21,7,True
5,5,10000.0,50000.0,83.80952380952381,4.4974167440447985,21,8,True
5,5,10000.0,100000.0,83.80952380952381,4.4974167440447985,21,9,True
5,5,20000.0,40000.0,83.80952380952381,4.4974167440447985,21,10,True
5,5,20000.0,100000.0,83.80952380952381,4.4974167440447985,21,11,True
5,5,20000.0,200000.0,83.80952380952381,4.4974167440447985,21,12,True
5,5,40000.0,80000.0,83.80952380952381,4.4974167440447985,21,13,True
5,5,40000.0,200000.0,83.80952380952381,4.4974167440447985,21,14,True
5,5,40000.0,400000.0,83.80952380952381,4.4974167440447985,21,15,True
10,5,40000.0,200000.0,71.11111111111111,2.6677557688834708,18,1,True
10,5,10000.0,50000.0,70.0,2.1389631597324943,18,2,True
10,5,2500.0,5000.0,69.52380952380952,2.0090498199741904,21,3,True
10,5,2500.0,12500.0,69.5,2.111995813392981,20,4,True
10,5,5000.0,10000.0,69.44444444444444,2.3531681081561704,18,5,True
10,5,5000.0,25000.0,69.44444444444444,2.3531681081561704,18,6,True
10,5,10000.0,20000.0,69.44444444444444,2.3531681081561704,18,7,True
10,5,20000.0,40000.0,69.44444444444444,2.3531681081561704,18,8,True
10,5,20000.0,100000.0,69.44444444444444,2.4881709982404976,18,9,True
10,5,40000.0,80000.0,69.44444444444444,2.3531681081561704,18,10,True
10,5,40000.0,400000.0,67.77777777777777,2.976548375617177,18,11,False
10,5,5000.0,50000.0,67.77777777777777,2.6266053983542643,18,12,False
10,5,20000.0,200000.0,66.66666666666667,2.681332221799479,18,13,False
10,5,2500.0,25000.0,65.0,2.588309565185115,18,14,False
10,5,10000.0,100000.0,64.44444444444444,2.5847999912791093,18,15,False
10,10,2500.0,5000.0,100.0,0.0,15,1,True
10,10,5000.0,10000.0,100.0,0.0,15,2,True
10,10,10000.0,20000.0,100.0,0.0,15,3,True
10,10,20000.0,40000.0,100.0,0.0,15,4,True
10,10,40000.0,80000.0,100.0,0.0,15,5,True
10,10,2500.0,12500.0,99.33333333333333,0.6666666666666665,15,6,False
10,10,5000.0,25000.0,99.33333333333333,0.6666666666666669,15,7,False
10,10,10000.0,50000.0,99.33333333333333,0.6666666666666664,15,8,False
10,10,40000.0,200000.0,99.33333333333333,0.6666666666666669,15,9,False
10,10,20000.0,200000.0,98.66666666666667,0.9085135251589956,15,10,False
10,10,40000.0,400000.0,98.66666666666667,0.9085135251589954,15,11,False
10,10,20000.0,100000.0,98.0,1.4474937289114915,15,12,False
10,10,2500.0,25000.0,97.33333333333333,1.532712089469627,15,13,False
10,10,10000.0,100000.0,97.33333333333333,1.1818736805705576,15,14,False
10,10,5000.0,50000.0,96.66666666666667,1.259881576697424,15,15,False
20,10,5000.0,10000.0,81.33333333333333,1.7906281597107778,15,1,True
20,10,20000.0,40000.0,80.33333333333333,1.855921454276674,15,2,True
20,10,10000.0,20000.0,80.0,1.951800145897066,15,3,True
20,10,10000.0,50000.0,79.66666666666667,1.7906281597107774,15,4,True
20,10,40000.0,200000.0,79.33333333333333,1.6085091194337642,15,5,False
20,10,2500.0,5000.0,79.0,1.5583874449479589,15,6,False
20,10,2500.0,25000.0,79.0,1.7043362064926928,15,7,False
20,10,20000.0,200000.0,78.66666666666667,1.8559214542766744,15,8,False
20,10,40000.0,80000.0,78.0,1.8771812708978117,15,9,False
20,10,20000.0,100000.0,77.66666666666667,2.281742581087798,15,10,False
20,10,40000.0,400000.0,77.66666666666667,2.11944886516837,15,11,False
20,10,2500.0,12500.0,77.0,2.1712405933672385,15,12,False
20,10,10000.0,100000.0,77.0,1.8126539343499315,15,13,False
20,10,5000.0,25000.0,75.66666666666667,2.1748928088893784,15,14,False
20,10,5000.0,50000.0,75.0,1.543033499620919,15,15,False
20,20,5000.0,10000.0,97.33333333333333,0.9594972228385655,15,1,True
20,20,40000.0,200000.0,97.33333333333333,0.8261595987094033,15,2,True
20,20,20000.0,100000.0,96.66666666666667,1.0540925533894598,15,3,True
20,20,2500.0,25000.0,96.66666666666667,0.9343531843023132,15,4,True
20,20,20000.0,200000.0,96.66666666666667,0.7968190728895953,15,5,True
20,20,10000.0,20000.0,96.33333333333333,1.333333333333333,15,6,False
20,20,40000.0,80000.0,96.0,0.8728715609439691,15,7,False
20,20,5000.0,50000.0,95.66666666666667,1.1818736805705583,15,8,False
20,20,2500.0,12500.0,95.33333333333333,0.9085135251589959,15,9,False
20,20,10000.0,100000.0,95.33333333333333,0.9085135251589959,15,10,False
20,20,10000.0,50000.0,95.0,0.8451542547285167,15,11,False
20,20,40000.0,400000.0,95.0,0.9759000729485332,15,12,False
20,20,2500.0,5000.0,94.66666666666667,1.0312575156051296,15,13,False
20,20,5000.0,25000.0,94.66666666666667,0.9085135251589959,15,14,False
20,20,20000.0,40000.0,94.33333333333333,0.9594972228385658,15,15,False
30,20,2500.0,5000.0,94.44444444444444,1.3672924106259063,15,1,True
30,20,20000.0,100000.0,94.44444444444444,1.5487378943048213,15,2,True
30,20,5000.0,10000.0,93.77777777777779,1.7777777777777788,15,3,True
30,20,2500.0,25000.0,93.55555555555557,2.0175595994204008,15,4,True
30,20,5000.0,25000.0,93.55555555555556,1.4352577213279147,15,5,True
30,20,20000.0,200000.0,93.11111111111111,1.9911621308656156,15,6,True
30,20,5000.0,50000.0,92.66666666666667,2.6666666666666674,15,7,False
30,20,20000.0,40000.0,92.44444444444444,1.9644099688133323,15,8,False
30,20,10000.0,20000.0,92.22222222222223,2.022797755184,15,9,False
30,20,2500.0,12500.0,91.55555555555557,2.2739999643233304,15,10,False
30,20,40000.0,400000.0,91.55555555555557,2.1789436464631393,15,11,False
30,20,40000.0,80000.0,91.55555555555556,1.920831683480108,15,12,False
30,20,10000.0,100000.0,91.33333333333334,2.6387426860084267,15,13,False
30,20,10000.0,50000.0,91.33333333333333,2.000000000000001,15,14,False
30,20,40000.0,200000.0,89.33333333333333,2.5448360411214086,15,15,False
30,30,40000.0,200000.0,98.66666666666667,0.43643578047198295,15,1,True
30,30,5000.0,50000.0,98.22222222222223,0.5507730658062684,15,2,False
30,30,10000.0,20000.0,97.77777777777779,0.5312127152597295,15,3,False
30,30,10000.0,100000.0,97.55555555555557,0.5109040298232078,15,4,False
30,30,2500.0,12500.0,97.33333333333333,0.581914373962647,15,5,False
30,30,20000.0,100000.0,97.33333333333333,0.5819143739626471,15,6,False
30,30,40000.0,400000.0,97.33333333333333,0.8099905283919427,15,7,False
30,30,2500.0,5000.0,97.11111111111113,0.4444444444444441,15,8,False
30,30,20000.0,40000.0,97.11111111111111,0.6396648152257114,15,9,False
30,30,5000.0,10000.0,96.8888888888889,0.6875050104034212,15,10,False
30,30,2500.0,25000.0,96.66666666666667,0.650600048632357,15,11,False
30,30,40000.0,80000.0,96.66666666666667,0.72739296745331,15,12,False
30,30,5000.0,25000.0,96.22222222222223,0.4444444444444468,15,13,False
30,30,10000.0,50000.0,96.22222222222223,0.6396648152257128,15,14,False
30,30,20000.0,200000.0,96.22222222222223,0.6396648152257134,15,15,False
40,20,5000.0,50000.0,90.66666666666667,1.881404406203658,15,1,True
40,20,2500.0,25000.0,90.33333333333333,2.4135858852331777,15,2,True
40,20,40000.0,400000.0,89.66666666666667,2.260776661041757,15,3,True
40,20,5000.0,25000.0,89.66666666666667,1.855921454276674,15,4,True
40,20,20000.0,40000.0,89.66666666666667,1.501322168612803,15,5,True
40,20,40000.0,80000.0,89.33333333333333,2.4816788991991214,15,6,True
40,20,10000.0,50000.0,89.33333333333333,2.062515031210259,15,7,True
40,20,5000.0,10000.0,88.66666666666667,1.8559214542766738,15,8,False
40,20,2500.0,5000.0,88.33333333333333,2.2182504188289736,15,9,False
40,20,40000.0,200000.0,88.33333333333333,2.1639176700003357,15,10,False
40,20,20000.0,200000.0,87.33333333333333,2.7545056883770607,15,11,False
40,20,2500.0,12500.0,87.33333333333333,1.8170270503179922,15,12,False
40,20,20000.0,100000.0,87.0,2.5260547066428263,15,13,False
40,20,10000.0,100000.0,86.66666666666667,2.6577230975953956,15,14,False
40,20,10000.0,20000.0,86.33333333333333,2.4624158997805514,15,15,False
40,40,2500.0,5000.0,97.33333333333333,0.666666666666667,15,1,True
40,40,2500.0,25000.0,97.33333333333333,0.6666666666666667,15,2,True
40,40,5000.0,25000.0,97.33333333333333,0.6666666666666665,15,3,True
40,40,5000.0,50000.0,97.33333333333333,0.666666666666667,15,4,True
40,40,20000.0,40000.0,97.0,0.6546536707079771,15,5,True
40,40,40000.0,80000.0,97.0,0.6546536707079769,15,6,True
40,40,40000.0,200000.0,96.66666666666667,0.796819072889596,15,7,True
40,40,40000.0,400000.0,96.66666666666667,0.796819072889596,15,8,True
40,40,10000.0,50000.0,96.33333333333333,0.5909368402852787,15,9,False
40,40,10000.0,100000.0,96.33333333333333,0.7663560447348132,15,10,False
40,40,20000.0,100000.0,96.33333333333333,0.7663560447348138,15,11,False
40,40,10000.0,20000.0,96.0,0.534522483824849,15,12,False
40,40,2500.0,12500.0,95.66666666666667,0.6666666666666667,15,13,False
40,40,5000.0,10000.0,95.66666666666667,0.6666666666666667,15,14,False
40,40,20000.0,200000.0,95.66666666666667,0.6666666666666676,15,15,False
50,50,10000.0,50000.0,97.06666666666666,0.4727494722282228,15,1,True
50,50,40000.0,200000.0,96.8,0.5789974915645968,15,2,True
50,50,10000.0,100000.0,96.53333333333333,0.6609276789675226,15,3,False
50,50,2500.0,5000.0,96.26666666666667,0.4727494722282228,15,4,False
50,50,20000.0,40000.0,96.26666666666667,0.4727494722282229,15,5,False
50,50,5000.0,50000.0,96.0,0.5520524474738839,15,6,False
50,50,10000.0,20000.0,96.0,0.5520524474738833,15,7,False
50,50,20000.0,100000.0,96.0,0.39036002917941354,15,8,False
50,50,5000.0,10000.0,96.0,0.0,15,9,False
50,50,40000.0,80000.0,95.73333333333333,0.472749472228223,15,10,False
50,50,5000.0,25000.0,95.46666666666667,0.5333333333333329,15,11,False
50,50,40000.0,400000.0,95.46666666666667,0.5333333333333331,15,12,False
50,50,20000.0,200000.0,95.46666666666667,0.36340541006359783,15,13,False
50,50,2500.0,25000.0,94.4,0.8552359741197583,15,14,False
50,50,2500.0,12500.0,94.4,0.6531972647421813,15,15,False
60,30,20000.0,40000.0,95.55555555555557,0.7743689471524124,15,1,True
60,30,2500.0,12500.0,95.33333333333333,0.7834262018573397,15,2,True
60,30,2500.0,5000.0,95.11111111111111,0.6396648152257137,15,3,True
60,30,20000.0,200000.0,95.11111111111111,0.7879157870470405,15,4,True
60,30,40000.0,80000.0,95.11111111111111,0.5507730658062732,15,5,True
60,30,5000.0,25000.0,94.8888888888889,0.639664815225714,15,6,True
60,30,2500.0,25000.0,94.66666666666667,0.634126487474231,15,7,False
60,30,10000.0,50000.0,94.66666666666667,0.5443310539518214,15,8,False
60,30,10000.0,20000.0,94.44444444444443,0.7027283689263084,15,9,False
60,30,20000.0,100000.0,94.44444444444443,0.6229021228682113,15,10,False
60,30,5000.0,10000.0,94.22222222222221,0.510904029823212,15,11,False
60,30,40000.0,200000.0,94.22222222222221,0.5109040298232125,15,12,False
60,30,5000.0,50000.0,94.0,0.5819143739626492,15,13,False
60,30,10000.0,100000.0,94.0,0.666666666666669,15,14,False
60,30,40000.0,400000.0,93.55555555555556,0.6875050104034197,15,15,False
60,60,20000.0,200000.0,96.44444444444447,0.6056756834393303,15,1,True
60,60,10000.0,20000.0,96.0,0.48249790963716604,15,2,True
60,60,20000.0,40000.0,95.77777777777779,0.6875050104034218,15,3,False
60,60,40000.0,80000.0,95.77777777777779,0.5109040298232124,15,4,False
60,60,40000.0,400000.0,95.55555555555557,0.4199605255658127,15,5,False
60,60,10000.0,100000.0,95.33333333333333,0.5443310539518205,15,6,False
60,60,40000.0,200000.0,95.33333333333333,0.908513525158999,15,7,False
60,60,2500.0,12500.0,95.11111111111111,0.7879157870470407,15,8,False
60,60,2500.0,25000.0,95.1111111111111,0.5507730658062724,15,9,False
60,60,2500.0,5000.0,94.88888888888889,0.7176288606639588,15,10,False
60,60,10000.0,50000.0,94.88888888888889,0.6396648152257137,15,11,False
60,60,20000.0,100000.0,94.88888888888889,0.5507730658062725,15,12,False
60,60,5000.0,10000.0,94.88888888888889,0.4444444444444503,15,13,False
60,60,5000.0,25000.0,94.66666666666667,0.43643578047198955,15,14,False
60,60,5000.0,50000.0,94.0,0.48249790963716743,15,15,False
70,70,40000.0,400000.0,95.04761904761905,0.5892900089172163,15,1,True
70,70,5000.0,10000.0,95.04761904761904,0.5892900089172158,15,2,True
70,70,5000.0,25000.0,94.85714285714286,0.7481756236662586,15,3,True
70,70,10000.0,20000.0,94.85714285714286,0.6358270174447838,15,4,True
70,70,5000.0,50000.0,94.85714285714285,0.41356963683185405,15,5,True
70,70,2500.0,5000.0,94.47619047619047,0.5892900089172171,15,6,True
70,70,2500.0,25000.0,94.47619047619047,0.8113225314762201,15,7,True
70,70,20000.0,200000.0,94.0952380952381,0.5892900089172147,15,8,False
70,70,40000.0,80000.0,94.0952380952381,0.5892900089172146,15,9,False
70,70,20000.0,100000.0,94.09523809523809,0.7619047619047614,15,10,False
70,70,10000.0,100000.0,94.09523809523809,0.7090511140568903,15,11,False
70,70,10000.0,50000.0,93.90476190476191,0.6151104519976749,15,12,False
70,70,40000.0,200000.0,93.90476190476191,0.6151104519976741,15,13,False
70,70,20000.0,40000.0,93.14285714285714,0.6108828386569679,15,14,False
70,70,2500.0,12500.0,93.14285714285714,0.7787258787077093,15,15,False
80,40,20000.0,40000.0,94.83333333333333,0.5156287578025636,15,1,True
80,40,5000.0,10000.0,94.5,0.7791937224739797,15,2,True
80,40,2500.0,12500.0,94.33333333333333,0.5156287578025646,15,3,True
80,40,20000.0,200000.0,94.33333333333333,0.4542567625794975,15,4,True
80,40,40000.0,200000.0,94.33333333333333,0.6666666666666667,15,5,True
80,40,20000.0,100000.0,94.16666666666667,0.580776710364308,15,6,False
80,40,5000.0,25000.0,94.0,0.6362090102803512,15,7,False
80,40,10000.0,20000.0,93.83333333333333,0.41307979935470185,15,8,False
80,40,10000.0,100000.0,93.5,0.8017837257372726,15,9,False
80,40,40000.0,400000.0,93.33333333333333,0.5807767103643082,15,10,False
80,40,2500.0,5000.0,93.16666666666667,0.6204197247997802,15,11,False
80,40,40000.0,80000.0,93.0,0.7400128699009553,15,12,False
80,40,2500.0,25000.0,93.0,0.36187343222787294,15,13,False
80,40,10000.0,50000.0,92.66666666666667,0.5704356452719487,15,14,False
80,40,5000.0,50000.0,92.0,0.8521681032463466,15,15,False
100,50,10000.0,100000.0,95.2,0.427617987059879,15,1,True
100,50,10000.0,20000.0,94.66666666666667,0.606839326555199,15,2,False
100,50,2500.0,25000.0,94.66666666666667,0.46462136829144685,15,3,False
100,50,2500.0,12500.0,94.53333333333333,0.5679257720333551,15,4,False
100,50,20000.0,100000.0,94.4,0.4000000000000005,15,5,False
100,50,20000.0,200000.0,94.4,0.5237229365663811,15,6,False
100,50,10000.0,50000.0,94.4,0.39999999999999974,15,7,False
100,50,5000.0,50000.0,94.13333333333334,0.7162512638843112,15,8,False
100,50,40000.0,400000.0,94.13333333333334,0.4125030062420522,15,9,False
100,50,40000.0,80000.0,93.86666666666666,0.6005288674451212,15,10,False
100,50,40000.0,200000.0,93.86666666666666,0.5679257720333554,15,11,False
100,50,20000.0,40000.0,93.73333333333333,0.4305773163983735,15,12,False
100,50,5000.0,10000.0,93.6,0.48599431703516455,15,13,False
100,50,2500.0,5000.0,93.46666666666667,0.6314508363524105,15,14,False
100,50,5000.0,25000.0,92.66666666666667,0.46462136829144635,15,15,False
120,60,40000.0,400000.0,94.44444444444444,0.4503574907654318,15,1,True
120,60,20000.0,200000.0,94.22222222222221,0.35881443033197985,15,2,True
120,60,40000.0,200000.0,93.88888888888889,0.5555555555555564,15,3,False
120,60,40000.0,80000.0,93.88888888888889,0.5555555555555575,15,4,False
120,60,10000.0,50000.0,93.77777777777779,0.6396648152257111,15,5,False
120,60,5000.0,10000.0,93.77777777777779,0.5507730658062688,15,6,False
120,60,10000.0,100000.0,93.44444444444444,0.5507730658062697,15,7,False
120,60,5000.0,25000.0,93.33333333333333,0.3984095364447959,15,8,False
120,60,20000.0,40000.0,93.22222222222223,0.4444444444444436,15,9,False
120,60,2500.0,25000.0,93.11111111111111,0.5834278079202875,15,10,False
120,60,10000.0,20000.0,93.0,0.590936840285279,15,11,False
120,60,2500.0,5000.0,93.0,0.4364357804719835,15,12,False
120,60,2500.0,12500.0,92.88888888888889,0.6396648152257118,15,13,False
120,60,20000.0,100000.0,92.77777777777779,0.53121271525973,15,14,False
120,60,5000.0,50000.0,92.44444444444444,0.6056756834393308,15,15,False
140,70,2500.0,25000.0,92.85714285714286,2.8571428571428608,2,1,True
140,70,2500.0,5000.0,92.57142857142858,0.5345224838248446,5,2,True
140,70,2500.0,12500.0,92.57142857142858,0.28571428571428303,5,3,True
180,90,20000.0,100000.0,93.25925925925927,0.41242698983925985,15,1,True
180,90,2500.0,25000.0,93.03703703703704,0.33362714858062154,15,2,True
180,90,10000.0,20000.0,92.81481481481481,0.4180898680452565,15,3,False
180,90,2500.0,5000.0,92.81481481481481,0.37353148348619514,15,4,False
180,90,20000.0,40000.0,92.74074074074073,0.3735314834861956,15,5,False
180,90,5000.0,10000.0,92.5925925925926,0.40086131057938107,15,6,False
180,90,10000.0,50000.0,92.51851851851852,0.4905535232380627,15,7,False
180,90,5000.0,50000.0,92.44444444444444,0.5109040298232094,15,8,False
180,90,40000.0,400000.0,92.37037037037038,0.4583366736022787,15,9,False
180,90,5000.0,25000.0,92.37037037037038,0.35744647098528,15,10,False
180,90,40000.0,200000.0,92.29629629629629,0.5139633627335835,15,11,False
180,90,2500.0,12500.0,92.22222222222223,0.5312127152597297,15,12,False
180,90,40000.0,80000.0,92.14814814814814,0.4400131827786613,15,13,False
180,90,10000.0,100000.0,92.07407407407408,0.4180898680452569,15,14,False
180,90,20000.0,200000.0,91.48148148148148,0.4008613105793818,15,15,False
